alpha,3 Nephi
omega,3 Nephi
anointed,Jacob,Ether,Ether,Ether,Ether,Ether,Ether,Ether
ascension,Mosiah,Alma,3 Nephi,3 Nephi
beginning,1 Nephi,1 Nephi,1 Nephi,1 Nephi,1 Nephi,1 Nephi,1 Nephi,1 Nephi,1 Nephi,1 Nephi,2 Nephi,2 Nephi,2 Nephi,2 Nephi,2 Nephi,Jacob,Jacob,Jacob,Jacob,Mosiah,Mosiah,Mosiah,Mosiah,Alma,Alma,Alma,Alma,Alma,Alma,Alma,Alma,Alma,Alma,Alma,Alma,Alma,Alma,Helaman,Helaman,Helaman,Helaman,3 Nephi,3 Nephi,3 Nephi,3 Nephi,3 Nephi,4 Nephi,4 Nephi,4 Nephi,Ether,Ether,Ether,Ether,Ether,Ether
begotten,1 Nephi,2 Nephi,Jacob,Jacob,Mosiah,Alma,Alma,Alma,Alma,Alma,Alma
christ,2 Nephi,2 Nephi,2 Nephi,2 Nephi,2 Nephi,2 Nephi,2 Nephi,2 Nephi,2 Nephi,2 Nephi,2 Nephi,2 Nephi,2 Nephi,2 Nephi,2 Nephi,2 Nephi,2 Nephi,2 Nephi,2 Nephi,2 Nephi,2 Nephi,2 Nephi,2 Nephi,2 Nephi,2 Nephi,2 Nephi,2 Nephi,2 Nephi,2 Nephi,2 Nephi,2 Nephi,2 Nephi,2 Nephi,2 Nephi,2 Nephi,2 Nephi,2 Nephi,2 Nephi,2 Nephi,2 Nephi,2 Nephi,2 Nephi,2 Nephi,2 Nephi,2 Nephi,2 Nephi,2 Nephi,2 Nephi,2 Nephi,2 Nephi,2 Nephi,2 Nephi,Jacob,Jacob,Jacob,Jacob,Jacob,Jacob,Jacob,Jacob,Jacob,Jacob,Jacob,Jacob,Jacob,Jacob,Jacob,Jacob,Jacob,Jacob,Jacob,Jacob,Jacob,Jacob,Jacob,Jacob,Jacob,Enos,Enos,Enos,Omni,Words of Mormon,Mormon,Words of Mormon,Mormon,Words of Mormon,Mormon,Words of Mormon,Mormon,Mosiah,Mosiah,Mosiah,Mosiah,Mosiah,Mosiah,Mosiah,Mosiah,Mosiah,Mosiah,Mosiah,Mosiah,Mosiah,Mosiah,Mosiah,Mosiah,Mosiah,Mosiah,Mosiah,Mosiah,Mosiah,Mosiah,Mosiah,Mosiah,Mosiah,Mosiah,Mosiah,Mosiah,Mosiah,Mosiah,Alma,Alma,Alma,Alma,Alma,Alma,Alma,Alma,Alma,Alma,Alma,Alma,Alma,Alma,Alma,Alma,Alma,Alma,Alma,Alma,Alma,Alma,Alma,Alma,Alma,Alma,Alma,Alma,Alma,Alma,Alma,Alma,Alma,Alma,Alma,Alma,Alma,Alma,Alma,Alma,Alma,Alma,Alma,Alma,Alma,Alma,Alma,Alma,Alma,Alma,Alma,Alma,Alma,Alma,Alma,Alma,Alma,Alma,Alma,Alma,Alma,Alma,Alma,Alma,Alma,Alma,Alma,Alma,Alma,Alma,Alma,Alma,Alma,Alma,Alma,Alma,Alma,Alma,Helaman,Helaman,Helaman,Helaman,Helaman,Helaman,Helaman,Helaman,Helaman,Helaman,Helaman,Helaman,Helaman,3 Nephi,3 Nephi,3 Nephi,3 Nephi,3 Nephi,3 Nephi,3 Nephi,3 Nephi,3 Nephi,3 Nephi,3 Nephi,3 Nephi,3 Nephi,3 Nephi,3 Nephi,3 Nephi,3 Nephi,3 Nephi,3 Nephi,3 Nephi,3 Nephi,3 Nephi,3 Nephi,3 Nephi,3 Nephi,3 Nephi,3 Nephi,3 Nephi,3 Nephi,3 Nephi,3 Nephi,3 Nephi,3 Nephi,3 Nephi,3 Nephi,3 Nephi,3 Nephi,4 Nephi,4 Nephi,4 Nephi,4 Nephi,4 Nephi,4 Nephi,4 Nephi,4 Nephi,4 Nephi,4 Nephi,4 Nephi,4 Nephi,4 Nephi,4 Nephi,4 Nephi,Mormon,Mormon,Mormon,Mormon,Mormon,Mormon,Mormon,Mormon,Mormon,Mormon,Mormon,Mormon,Mormon,Mormon,Mormon,Mormon,Mormon,Mormon,Mormon,Mormon,Mormon,Mormon,Mormon,Mormon,Mormon,Mormon,Mormon,Mormon,Mormon,Mormon,Mormon,Mormon,Mormon,Ether,Ether,Ether,Ether,Ether,Ether,Ether,Ether,Ether,Ether,Ether,Ether,Ether,Ether,Moroni,Moroni,Moroni,Moroni,Moroni,Moroni,Moroni,Moroni,Moroni,Moroni,Moroni,Moroni,Moroni,Moroni,Moroni,Moroni,Moroni,Moroni,Moroni,Moroni,Moroni,Moroni,Moroni,Moroni,Moroni,Moroni,Moroni,Moroni,Moroni,Moroni,Moroni,Moroni,Moroni,Moroni,Moroni,Moroni,Moroni,Moroni,Moroni,Moroni,Moroni,Moroni,Moroni,Moroni,Moroni,Moroni,Moroni,Moroni,Moroni,Moroni,Moroni,Moroni,Moroni,Moroni,Moroni,Moroni,Moroni,Moroni,Moroni,Moroni,Moroni,Moroni,Moroni,Moroni,Moroni,Moroni,Moroni,Moroni,Moroni,Moroni
comforter,Moroni
conscience,Mosiah,Mosiah,Mosiah,Alma,Alma
creator,2 Nephi,2 Nephi,Jacob,Jacob,Omni,Mosiah,Mosiah,Alma,Alma,Helaman
cross,1 Nephi,1 Nephi,Jacob,Mosiah,Alma,Alma,Alma,Alma,Alma,Alma,Alma,Alma,Helaman,3 Nephi,3 Nephi,3 Nephi,Ether,Ether,Ether,Ether,Ether,Ether
endless,2 Nephi,2 Nephi,2 Nephi,2 Nephi,Jacob,Mosiah,Mosiah,Mosiah,Mosiah,Mosiah,Mosiah,Alma,Alma,Alma,Alma,Alma,Alma,Helaman,Helaman,Helaman,Mormon,Mormon,Moroni,Moroni
faith,1 Nephi,1 Nephi,1 Nephi,1 Nephi,1 Nephi,1 Nephi,1 Nephi,1 Nephi,1 Nephi,1 Nephi,2 Nephi,2 Nephi,2 Nephi,2 Nephi,2 Nephi,2 Nephi,2 Nephi,2 Nephi,2 Nephi,2 Nephi,2 Nephi,2 Nephi,Jacob,Jacob,Jacob,Jacob,Jacob,Jacob,Enos,Enos,Enos,Enos,Enos,Enos,Enos,Enos,Enos,Enos,Jarom,Jarom,Jarom,Mosiah,Mosiah,Mosiah,Mosiah,Mosiah,Mosiah,Mosiah,Mosiah,Mosiah,Mosiah,Mosiah,Mosiah,Mosiah,Mosiah,Mosiah,Mosiah,Mosiah,Mosiah,Mosiah,Mosiah,Mosiah,Mosiah,Mosiah,Mosiah,Mosiah,Alma,Alma,Alma,Alma,Alma,Alma,Alma,Alma,Alma,Alma,Alma,Alma,Alma,Alma,Alma,Alma,Alma,Alma,Alma,Alma,Alma,Alma,Alma,Alma,Alma,Alma,Alma,Alma,Alma,Alma,Alma,Alma,Alma,Alma,Alma,Alma,Alma,Alma,Alma,Alma,Alma,Alma,Alma,Alma,Alma,Alma,Alma,Alma,Alma,Alma,Alma,Alma,Alma,Alma,Alma,Alma,Alma,Alma,Alma,Alma,Alma,Alma,Alma,Alma,Alma,Alma,Alma,Alma,Alma,Alma,Alma,Alma,Alma,Alma,Alma,Alma,Alma,Alma,Alma,Alma,Alma,Alma,Helaman,Helaman,Helaman,Helaman,Helaman,Helaman,Helaman,Helaman,Helaman,Helaman,Helaman,Helaman,Helaman,3 Nephi,3 Nephi,3 Nephi,3 Nephi,3 Nephi,3 Nephi,3 Nephi,3 Nephi,3 Nephi,3 Nephi,3 Nephi,3 Nephi,3 Nephi,3 Nephi,3 Nephi,3 Nephi,3 Nephi,3 Nephi,3 Nephi,Mormon,Mormon,Mormon,Mormon,Ether,Ether,Ether,Ether,Ether,Ether,Ether,Ether,Ether,Ether,Ether,Ether,Ether,Ether,Ether,Ether,Ether,Ether,Ether,Ether,Ether,Ether,Ether,Ether,Ether,Ether,Ether,Ether,Ether,Ether,Ether,Ether,Ether,Ether,Ether,Ether,Ether,Ether,Moroni,Moroni,Moroni,Moroni,Moroni,Moroni,Moroni,Moroni,Moroni,Moroni,Moroni,Moroni,Moroni,Moroni,Moroni,Moroni,Moroni,Moroni,Moroni,Moroni,Moroni,Moroni,Moroni,Moroni,Moroni,Moroni,Moroni,Moroni,Moroni,Moroni,Moroni,Moroni,Moroni,Moroni,Moroni,Moroni,Moroni
firstborn,2 Nephi,2 Nephi,2 Nephi,2 Nephi,2 Nephi,Ether
god,1 Nephi,1 Nephi,1 Nephi,1 Nephi,1 Nephi,1 Nephi,1 Nephi,1 Nephi,1 Nephi,1 Nephi,1 Nephi,1 Nephi,1 Nephi,1 Nephi,1 Nephi,1 Nephi,1 Nephi,1 Nephi,1 Nephi,1 Nephi,1 Nephi,1 Nephi,1 Nephi,1 Nephi,1 Nephi,1 Nephi,1 Nephi,1 Nephi,1 Nephi,1 Nephi,1 Nephi,1 Nephi,1 Nephi,1 Nephi,1 Nephi,1 Nephi,1 Nephi,1 Nephi,1 Nephi,1 Nephi,1 Nephi,1 Nephi,1 Nephi,1 Nephi,1 Nephi,1 Nephi,1 Nephi,1 Nephi,1 Nephi,1 Nephi,1 Nephi,1 Nephi,1 Nephi,1 Nephi,1 Nephi,1 Nephi,1 Nephi,1 Nephi,1 Nephi,1 Nephi,1 Nephi,1 Nephi,1 Nephi,1 Nephi,1 Nephi,1 Nephi,1 Nephi,1 Nephi,1 Nephi,1 Nephi,1 Nephi,1 Nephi,1 Nephi,1 Nephi,1 Nephi,1 Nephi,1 Nephi,1 Nephi,1 Nephi,1 Nephi,1 Nephi,1 Nephi,1 Nephi,1 Nephi,1 Nephi,1 Nephi,1 Nephi,1 Nephi,1 Nephi,1 Nephi,1 Nephi,1 Nephi,1 Nephi,1 Nephi,1 Nephi,1 Nephi,1 Nephi,1 Nephi,1 Nephi,1 Nephi,1 Nephi,1 Nephi,1 Nephi,1 Nephi,1 Nephi,1 Nephi,1 Nephi,1 Nephi,1 Nephi,1 Nephi,1 Nephi,1 Nephi,1 Nephi,1 Nephi,1 Nephi,1 Nephi,1 Nephi,1 Nephi,1 Nephi,1 Nephi,1 Nephi,1 Nephi,1 Nephi,1 Nephi,1 Nephi,1 Nephi,1 Nephi,1 Nephi,1 Nephi,1 Nephi,1 Nephi,1 Nephi,1 Nephi,1 Nephi,1 Nephi,1 Nephi,1 Nephi,1 Nephi,1 Nephi,1 Nephi,1 Nephi,1 Nephi,1 Nephi,1 Nephi,1 Nephi,1 Nephi,1 Nephi,1 Nephi,1 Nephi,1 Nephi,1 Nephi,1 Nephi,1 Nephi,1 Nephi,1 Nephi,1 Nephi,1 Nephi,1 Nephi,1 Nephi,1 Nephi,2 Nephi,2 Nephi,2 Nephi,2 Nephi,2 Nephi,2 Nephi,2 Nephi,2 Nephi,2 Nephi,2 Nephi,2 Nephi,2 Nephi,2 Nephi,2 Nephi,2 Nephi,2 Nephi,2 Nephi,2 Nephi,2 Nephi,2 Nephi,2 Nephi,2 Nephi,2 Nephi,2 Nephi,2 Nephi,2 Nephi,2 Nephi,2 Nephi,2 Nephi,2 Nephi,2 Nephi,2 Nephi,2 Nephi,2 Nephi,2 Nephi,2 Nephi,2 Nephi,2 Nephi,2 Nephi,2 Nephi,2 Nephi,2 Nephi,2 Nephi,2 Nephi,2 Nephi,2 Nephi,2 Nephi,2 Nephi,2 Nephi,2 Nephi,2 Nephi,2 Nephi,2 Nephi,2 Nephi,2 Nephi,2 Nephi,2 Nephi,2 Nephi,2 Nephi,2 Nephi,2 Nephi,2 Nephi,2 Nephi,2 Nephi,2 Nephi,2 Nephi,2 Nephi,2 Nephi,2 Nephi,2 Nephi,2 Nephi,2 Nephi,2 Nephi,2 Nephi,2 Nephi,2 Nephi,2 Nephi,2 Nephi,2 Nephi,2 Nephi,2 Nephi,2 Nephi,2 Nephi,2 Nephi,2 Nephi,2 Nephi,2 Nephi,2 Nephi,2 Nephi,2 Nephi,2 Nephi,2 Nephi,2 Nephi,2 Nephi,2 Nephi,2 Nephi,2 Nephi,2 Nephi,2 Nephi,2 Nephi,2 Nephi,2 Nephi,2 Nephi,2 Nephi,2 Nephi,2 Nephi,2 Nephi,2 Nephi,2 Nephi,2 Nephi,2 Nephi,2 Nephi,2 Nephi,2 Nephi,2 Nephi,2 Nephi,2 Nephi,2 Nephi,2 Nephi,2 Nephi,2 Nephi,2 Nephi,2 Nephi,2 Nephi,2 Nephi,2 Nephi,2 Nephi,2 Nephi,2 Nephi,2 Nephi,2 Nephi,2 Nephi,2 Nephi,2 Nephi,2 Nephi,2 Nephi,2 Nephi,2 Nephi,2 Nephi,2 Nephi,2 Nephi,2 Nephi,2 Nephi,2 Nephi,2 Nephi,2 Nephi,2 Nephi,2 Nephi,2 Nephi,2 Nephi,2 Nephi,2 Nephi,2 Nephi,2 Nephi,2 Nephi,2 Nephi,2 Nephi,2 Nephi,2 Nephi,2 Nephi,2 Nephi,2 Nephi,2 Nephi,2 Nephi,2 Nephi,2 Nephi,2 Nephi,2 Nephi,2 Nephi,2 Nephi,2 Nephi,2 Nephi,2 Nephi,2 Nephi,2 Nephi,2 Nephi,2 Nephi,2 Nephi,2 Nephi,2 Nephi,2 Nephi,2 Nephi,2 Nephi,2 Nephi,2 Nephi,2 Nephi,2 Nephi,2 Nephi,2 Nephi,2 Nephi,2 Nephi,2 Nephi,2 Nephi,2 Nephi,2 Nephi,2 Nephi,2 Nephi,2 Nephi,2 Nephi,2 Nephi,2 Nephi,2 Nephi,2 Nephi,2 Nephi,2 Nephi,2 Nephi,2 Nephi,2 Nephi,2 Nephi,2 Nephi,2 Nephi,2 Nephi,2 Nephi,2 Nephi,2 Nephi,2 Nephi,2 Nephi,2 Nephi,2 Nephi,Jacob,Jacob,Jacob,Jacob,Jacob,Jacob,Jacob,Jacob,Jacob,Jacob,Jacob,Jacob,Jacob,Jacob,Jacob,Jacob,Jacob,Jacob,Jacob,Jacob,Jacob,Jacob,Jacob,Jacob,Jacob,Jacob,Jacob,Jacob,Jacob,Jacob,Jacob,Jacob,Jacob,Jacob,Jacob,Jacob,Jacob,Jacob,Jacob,Jacob,Jacob,Jacob,Jacob,Jacob,Jacob,Jacob,Jacob,Jacob,Jacob,Jacob,Jacob,Jacob,Jacob,Jacob,Jacob,Jacob,Enos,Enos,Enos,Enos,Enos,Enos,Enos,Enos,Enos,Enos,Jarom,Jarom,Omni,Omni,Omni,Words of Mormon,Mormon,Words of Mormon,Mormon,Words of Mormon,Mormon,Words of Mormon,Mormon,Words of Mormon,Mormon,Words of Mormon,Mormon,Words of Mormon,Mormon,Mosiah,Mosiah,Mosiah,Mosiah,Mosiah,Mosiah,Mosiah,Mosiah,Mosiah,Mosiah,Mosiah,Mosiah,Mosiah,Mosiah,Mosiah,Mosiah,Mosiah,Mosiah,Mosiah,Mosiah,Mosiah,Mosiah,Mosiah,Mosiah,Mosiah,Mosiah,Mosiah,Mosiah,Mosiah,Mosiah,Mosiah,Mosiah,Mosiah,Mosiah,Mosiah,Mosiah,Mosiah,Mosiah,Mosiah,Mosiah,Mosiah,Mosiah,Mosiah,Mosiah,Mosiah,Mosiah,Mosiah,Mosiah,Mosiah,Mosiah,Mosiah,Mosiah,Mosiah,Mosiah,Mosiah,Mosiah,Mosiah,Mosiah,Mosiah,Mosiah,Mosiah,Mosiah,Mosiah,Mosiah,Mosiah,Mosiah,Mosiah,Mosiah,Mosiah,Mosiah,Mosiah,Mosiah,Mosiah,Mosiah,Mosiah,Mosiah,Mosiah,Mosiah,Mosiah,Mosiah,Mosiah,Mosiah,Mosiah,Mosiah,Mosiah,Mosiah,Mosiah,Mosiah,Mosiah,Mosiah,Mosiah,Mosiah,Mosiah,Mosiah,Mosiah,Mosiah,Mosiah,Mosiah,Mosiah,Mosiah,Mosiah,Mosiah,Mosiah,Mosiah,Mosiah,Mosiah,Mosiah,Mosiah,Mosiah,Mosiah,Mosiah,Mosiah,Mosiah,Mosiah,Mosiah,Mosiah,Mosiah,Mosiah,Mosiah,Mosiah,Mosiah,Mosiah,Mosiah,Mosiah,Mosiah,Mosiah,Mosiah,Mosiah,Mosiah,Mosiah,Mosiah,Mosiah,Mosiah,Mosiah,Mosiah,Mosiah,Mosiah,Mosiah,Mosiah,Mosiah,Mosiah,Mosiah,Mosiah,Mosiah,Mosiah,Mosiah,Mosiah,Mosiah,Mosiah,Mosiah,Mosiah,Mosiah,Mosiah,Mosiah,Mosiah,Mosiah,Mosiah,Mosiah,Mosiah,Mosiah,Mosiah,Mosiah,Mosiah,Mosiah,Mosiah,Mosiah,Mosiah,Mosiah,Mosiah,Mosiah,Mosiah,Mosiah,Mosiah,Mosiah,Mosiah,Mosiah,Mosiah,Mosiah,Mosiah,Mosiah,Mosiah,Mosiah,Mosiah,Mosiah,Mosiah,Mosiah,Mosiah,Mosiah,Mosiah,Mosiah,Mosiah,Mosiah,Mosiah,Mosiah,Mosiah,Mosiah,Mosiah,Mosiah,Mosiah,Mosiah,Mosiah,Mosiah,Mosiah,Mosiah,Mosiah,Mosiah,Mosiah,Mosiah,Mosiah,Mosiah,Mosiah,Mosiah,Mosiah,Mosiah,Mosiah,Mosiah,Mosiah,Mosiah,Mosiah,Mosiah,Mosiah,Mosiah,Mosiah,Mosiah,Mosiah,Mosiah,Mosiah,Mosiah,Mosiah,Mosiah,Mosiah,Mosiah,Mosiah,Mosiah,Mosiah,Mosiah,Mosiah,Mosiah,Mosiah,Mosiah,Mosiah,Mosiah,Mosiah,Mosiah,Mosiah,Mosiah,Mosiah,Alma,Alma,Alma,Alma,Alma,Alma,Alma,Alma,Alma,Alma,Alma,Alma,Alma,Alma,Alma,Alma,Alma,Alma,Alma,Alma,Alma,Alma,Alma,Alma,Alma,Alma,Alma,Alma,Alma,Alma,Alma,Alma,Alma,Alma,Alma,Alma,Alma,Alma,Alma,Alma,Alma,Alma,Alma,Alma,Alma,Alma,Alma,Alma,Alma,Alma,Alma,Alma,Alma,Alma,Alma,Alma,Alma,Alma,Alma,Alma,Alma,Alma,Alma,Alma,Alma,Alma,Alma,Alma,Alma,Alma,Alma,Alma,Alma,Alma,Alma,Alma,Alma,Alma,Alma,Alma,Alma,Alma,Alma,Alma,Alma,Alma,Alma,Alma,Alma,Alma,Alma,Alma,Alma,Alma,Alma,Alma,Alma,Alma,Alma,Alma,Alma,Alma,Alma,Alma,Alma,Alma,Alma,Alma,Alma,Alma,Alma,Alma,Alma,Alma,Alma,Alma,Alma,Alma,Alma,Alma,Alma,Alma,Alma,Alma,Alma,Alma,Alma,Alma,Alma,Alma,Alma,Alma,Alma,Alma,Alma,Alma,Alma,Alma,Alma,Alma,Alma,Alma,Alma,Alma,Alma,Alma,Alma,Alma,Alma,Alma,Alma,Alma,Alma,Alma,Alma,Alma,Alma,Alma,Alma,Alma,Alma,Alma,Alma,Alma,Alma,Alma,Alma,Alma,Alma,Alma,Alma,Alma,Alma,Alma,Alma,Alma,Alma,Alma,Alma,Alma,Alma,Alma,Alma,Alma,Alma,Alma,Alma,Alma,Alma,Alma,Alma,Alma,Alma,Alma,Alma,Alma,Alma,Alma,Alma,Alma,Alma,Alma,Alma,Alma,Alma,Alma,Alma,Alma,Alma,Alma,Alma,Alma,Alma,Alma,Alma,Alma,Alma,Alma,Alma,Alma,Alma,Alma,Alma,Alma,Alma,Alma,Alma,Alma,Alma,Alma,Alma,Alma,Alma,Alma,Alma,Alma,Alma,Alma,Alma,Alma,Alma,Alma,Alma,Alma,Alma,Alma,Alma,Alma,Alma,Alma,Alma,Alma,Alma,Alma,Alma,Alma,Alma,Alma,Alma,Alma,Alma,Alma,Alma,Alma,Alma,Alma,Alma,Alma,Alma,Alma,Alma,Alma,Alma,Alma,Alma,Alma,Alma,Alma,Alma,Alma,Alma,Alma,Alma,Alma,Alma,Alma,Alma,Alma,Alma,Alma,Alma,Alma,Alma,Alma,Alma,Alma,Alma,Alma,Alma,Alma,Alma,Alma,Alma,Alma,Alma,Alma,Alma,Alma,Alma,Alma,Alma,Alma,Alma,Alma,Alma,Alma,Alma,Alma,Alma,Alma,Alma,Alma,Alma,Alma,Alma,Alma,Alma,Alma,Alma,Alma,Alma,Alma,Alma,Alma,Alma,Alma,Alma,Alma,Alma,Alma,Alma,Alma,Alma,Alma,Alma,Alma,Alma,Alma,Alma,Alma,Alma,Alma,Alma,Alma,Alma,Alma,Alma,Alma,Alma,Alma,Alma,Alma,Alma,Alma,Alma,Alma,Alma,Alma,Alma,Alma,Alma,Alma,Alma,Alma,Alma,Alma,Alma,Alma,Alma,Alma,Alma,Alma,Alma,Alma,Alma,Alma,Alma,Alma,Alma,Alma,Alma,Alma,Alma,Alma,Alma,Alma,Alma,Alma,Alma,Alma,Alma,Alma,Alma,Alma,Alma,Alma,Alma,Alma,Alma,Alma,Alma,Alma,Alma,Alma,Alma,Alma,Alma,Alma,Alma,Alma,Alma,Alma,Alma,Alma,Alma,Alma,Alma,Alma,Alma,Alma,Alma,Alma,Alma,Alma,Alma,Alma,Alma,Alma,Alma,Alma,Alma,Alma,Alma,Alma,Alma,Alma,Alma,Alma,Alma,Alma,Alma,Alma,Alma,Alma,Alma,Alma,Alma,Alma,Alma,Alma,Alma,Alma,Alma,Alma,Alma,Alma,Alma,Alma,Alma,Alma,Alma,Alma,Alma,Alma,Alma,Alma,Alma,Alma,Alma,Alma,Alma,Alma,Alma,Alma,Alma,Alma,Alma,Alma,Alma,Alma,Alma,Alma,Alma,Alma,Alma,Alma,Alma,Alma,Alma,Alma,Alma,Alma,Alma,Alma,Alma,Alma,Alma,Alma,Alma,Alma,Alma,Alma,Alma,Alma,Alma,Alma,Alma,Alma,Alma,Alma,Alma,Alma,Alma,Alma,Alma,Alma,Alma,Alma,Alma,Alma,Alma,Alma,Alma,Alma,Alma,Alma,Alma,Alma,Alma,Alma,Alma,Alma,Alma,Alma,Alma,Alma,Alma,Alma,Alma,Alma,Alma,Alma,Alma,Alma,Alma,Alma,Alma,Alma,Alma,Alma,Alma,Alma,Alma,Alma,Alma,Alma,Alma,Alma,Alma,Alma,Alma,Alma,Alma,Alma,Alma,Alma,Alma,Alma,Alma,Alma,Alma,Alma,Alma,Alma,Alma,Alma,Alma,Alma,Alma,Alma,Alma,Alma,Alma,Alma,Alma,Alma,Alma,Alma,Alma,Alma,Alma,Alma,Alma,Alma,Alma,Alma,Alma,Alma,Alma,Helaman,Helaman,Helaman,Helaman,Helaman,Helaman,Helaman,Helaman,Helaman,Helaman,Helaman,Helaman,Helaman,Helaman,Helaman,Helaman,Helaman,Helaman,Helaman,Helaman,Helaman,Helaman,Helaman,Helaman,Helaman,Helaman,Helaman,Helaman,Helaman,Helaman,Helaman,Helaman,Helaman,Helaman,Helaman,Helaman,Helaman,Helaman,Helaman,Helaman,Helaman,Helaman,Helaman,Helaman,Helaman,Helaman,Helaman,Helaman,Helaman,Helaman,Helaman,Helaman,Helaman,Helaman,Helaman,Helaman,Helaman,Helaman,Helaman,Helaman,Helaman,Helaman,Helaman,Helaman,Helaman,Helaman,Helaman,Helaman,Helaman,Helaman,Helaman,Helaman,Helaman,Helaman,Helaman,Helaman,Helaman,Helaman,Helaman,Helaman,Helaman,Helaman,Helaman,Helaman,Helaman,Helaman,Helaman,Helaman,Helaman,Helaman,Helaman,3 Nephi,3 Nephi,3 Nephi,3 Nephi,3 Nephi,3 Nephi,3 Nephi,3 Nephi,3 Nephi,3 Nephi,3 Nephi,3 Nephi,3 Nephi,3 Nephi,3 Nephi,3 Nephi,3 Nephi,3 Nephi,3 Nephi,3 Nephi,3 Nephi,3 Nephi,3 Nephi,3 Nephi,3 Nephi,3 Nephi,3 Nephi,3 Nephi,3 Nephi,3 Nephi,3 Nephi,3 Nephi,3 Nephi,3 Nephi,3 Nephi,3 Nephi,3 Nephi,3 Nephi,3 Nephi,3 Nephi,3 Nephi,3 Nephi,3 Nephi,3 Nephi,3 Nephi,3 Nephi,3 Nephi,3 Nephi,3 Nephi,3 Nephi,3 Nephi,3 Nephi,3 Nephi,3 Nephi,3 Nephi,3 Nephi,3 Nephi,3 Nephi,3 Nephi,3 Nephi,3 Nephi,3 Nephi,3 Nephi,3 Nephi,4 Nephi,4 Nephi,4 Nephi,4 Nephi,4 Nephi,4 Nephi,4 Nephi,4 Nephi,Mormon,Mormon,Mormon,Mormon,Mormon,Mormon,Mormon,Mormon,Mormon,Mormon,Mormon,Mormon,Mormon,Mormon,Mormon,Mormon,Mormon,Mormon,Mormon,Mormon,Mormon,Mormon,Mormon,Mormon,Mormon,Mormon,Mormon,Mormon,Mormon,Mormon,Mormon,Mormon,Mormon,Mormon,Mormon,Mormon,Mormon,Mormon,Mormon,Mormon,Mormon,Mormon,Mormon,Mormon,Mormon,Mormon,Mormon,Mormon,Mormon,Mormon,Mormon,Mormon,Mormon,Mormon,Mormon,Mormon,Mormon,Mormon,Mormon,Mormon,Mormon,Mormon,Mormon,Mormon,Mormon,Ether,Ether,Ether,Ether,Ether,Ether,Ether,Ether,Ether,Ether,Ether,Ether,Ether,Ether,Ether,Ether,Ether,Ether,Ether,Ether,Ether,Ether,Ether,Ether,Ether,Ether,Ether,Ether,Ether,Ether,Ether,Ether,Ether,Ether,Ether,Ether,Ether,Ether,Moroni,Moroni,Moroni,Moroni,Moroni,Moroni,Moroni,Moroni,Moroni,Moroni,Moroni,Moroni,Moroni,Moroni,Moroni,Moroni,Moroni,Moroni,Moroni,Moroni,Moroni,Moroni,Moroni,Moroni,Moroni,Moroni,Moroni,Moroni,Moroni,Moroni,Moroni,Moroni,Moroni,Moroni,Moroni,Moroni,Moroni,Moroni,Moroni,Moroni,Moroni,Moroni,Moroni,Moroni,Moroni,Moroni,Moroni,Moroni,Moroni,Moroni,Moroni,Moroni,Moroni,Moroni,Moroni,Moroni,Moroni,Moroni,Moroni,Moroni,Moroni,Moroni,Moroni,Moroni,Moroni,Moroni,Moroni,Moroni,Moroni,Moroni,Moroni,Moroni,Moroni,Moroni,Moroni,Moroni,Moroni
shepherd,1 Nephi,1 Nephi,Mosiah,Alma,Alma,Alma,Alma,Alma,Alma,Alma,Alma,Alma,Alma,Alma,Alma,Helaman,Helaman,3 Nephi,3 Nephi,3 Nephi,Mormon
grace,2 Nephi,2 Nephi,2 Nephi,2 Nephi,2 Nephi,2 Nephi,2 Nephi,2 Nephi,Jacob,Mosiah,Mosiah,Mosiah,Alma,Alma,Alma,Alma,Helaman,Helaman,Mormon,Ether,Ether,Ether,Ether,Moroni,Moroni,Moroni,Moroni,Moroni,Moroni,Moroni,Moroni
immanuel,2 Nephi,2 Nephi
jehovah,2 Nephi,Moroni
lamb,1 Nephi,1 Nephi,1 Nephi,1 Nephi,1 Nephi,1 Nephi,1 Nephi,1 Nephi,1 Nephi,1 Nephi,1 Nephi,1 Nephi,1 Nephi,1 Nephi,1 Nephi,1 Nephi,1 Nephi,1 Nephi,1 Nephi,1 Nephi,1 Nephi,1 Nephi,1 Nephi,1 Nephi,1 Nephi,1 Nephi,1 Nephi,1 Nephi,1 Nephi,1 Nephi,1 Nephi,1 Nephi,1 Nephi,1 Nephi,1 Nephi,1 Nephi,1 Nephi,1 Nephi,1 Nephi,1 Nephi,1 Nephi,1 Nephi,1 Nephi,1 Nephi,1 Nephi,1 Nephi,1 Nephi,1 Nephi,1 Nephi,1 Nephi,1 Nephi,1 Nephi,1 Nephi,1 Nephi,1 Nephi,1 Nephi,2 Nephi,2 Nephi,2 Nephi,2 Nephi,2 Nephi,2 Nephi,Mosiah,Alma,Alma,Alma,Helaman,3 Nephi,4 Nephi,Mormon,Mormon,Mormon,Ether,Ether
light,1 Nephi,1 Nephi,1 Nephi,1 Nephi,2 Nephi,2 Nephi,2 Nephi,2 Nephi,2 Nephi,2 Nephi,2 Nephi,2 Nephi,2 Nephi,2 Nephi,2 Nephi,2 Nephi,2 Nephi,2 Nephi,2 Nephi,2 Nephi,2 Nephi,2 Nephi,2 Nephi,2 Nephi,Jacob,Mosiah,Mosiah,Mosiah,Mosiah,Mosiah,Mosiah,Alma,Alma,Alma,Alma,Alma,Alma,Alma,Alma,Alma,Alma,Alma,Alma,Alma,Alma,Alma,Alma,Alma,Alma,Alma,Alma,Alma,Alma,Alma,Alma,Alma,Helaman,Helaman,Helaman,3 Nephi,3 Nephi,3 Nephi,3 Nephi,3 Nephi,3 Nephi,3 Nephi,3 Nephi,3 Nephi,3 Nephi,3 Nephi,3 Nephi,3 Nephi,3 Nephi,3 Nephi,3 Nephi,3 Nephi,3 Nephi,3 Nephi,3 Nephi,Mormon,Mormon,Mormon,Mormon,Ether,Ether,Ether,Ether,Ether,Ether,Ether,Ether,Ether,Ether,Ether,Moroni,Moroni,Moroni,Moroni
lord,1 Nephi,1 Nephi,1 Nephi,1 Nephi,1 Nephi,1 Nephi,1 Nephi,1 Nephi,1 Nephi,1 Nephi,1 Nephi,1 Nephi,1 Nephi,1 Nephi,1 Nephi,1 Nephi,1 Nephi,1 Nephi,1 Nephi,1 Nephi,1 Nephi,1 Nephi,1 Nephi,1 Nephi,1 Nephi,1 Nephi,1 Nephi,1 Nephi,1 Nephi,1 Nephi,1 Nephi,1 Nephi,1 Nephi,1 Nephi,1 Nephi,1 Nephi,1 Nephi,1 Nephi,1 Nephi,1 Nephi,1 Nephi,1 Nephi,1 Nephi,1 Nephi,1 Nephi,1 Nephi,1 Nephi,1 Nephi,1 Nephi,1 Nephi,1 Nephi,1 Nephi,1 Nephi,1 Nephi,1 Nephi,1 Nephi,1 Nephi,1 Nephi,1 Nephi,1 Nephi,1 Nephi,1 Nephi,1 Nephi,1 Nephi,1 Nephi,1 Nephi,1 Nephi,1 Nephi,1 Nephi,1 Nephi,1 Nephi,1 Nephi,1 Nephi,1 Nephi,1 Nephi,1 Nephi,1 Nephi,1 Nephi,1 Nephi,1 Nephi,1 Nephi,1 Nephi,1 Nephi,1 Nephi,1 Nephi,1 Nephi,1 Nephi,1 Nephi,1 Nephi,1 Nephi,1 Nephi,1 Nephi,1 Nephi,1 Nephi,1 Nephi,1 Nephi,1 Nephi,1 Nephi,1 Nephi,1 Nephi,1 Nephi,1 Nephi,1 Nephi,1 Nephi,1 Nephi,1 Nephi,1 Nephi,1 Nephi,1 Nephi,1 Nephi,1 Nephi,1 Nephi,1 Nephi,1 Nephi,1 Nephi,1 Nephi,1 Nephi,1 Nephi,1 Nephi,1 Nephi,1 Nephi,1 Nephi,1 Nephi,1 Nephi,1 Nephi,1 Nephi,1 Nephi,1 Nephi,1 Nephi,1 Nephi,1 Nephi,1 Nephi,1 Nephi,1 Nephi,1 Nephi,1 Nephi,1 Nephi,1 Nephi,1 Nephi,1 Nephi,1 Nephi,1 Nephi,1 Nephi,1 Nephi,1 Nephi,1 Nephi,1 Nephi,1 Nephi,1 Nephi,1 Nephi,1 Nephi,1 Nephi,1 Nephi,1 Nephi,1 Nephi,1 Nephi,1 Nephi,1 Nephi,1 Nephi,1 Nephi,1 Nephi,1 Nephi,1 Nephi,1 Nephi,1 Nephi,1 Nephi,1 Nephi,1 Nephi,1 Nephi,1 Nephi,1 Nephi,1 Nephi,1 Nephi,1 Nephi,1 Nephi,1 Nephi,1 Nephi,1 Nephi,1 Nephi,1 Nephi,1 Nephi,1 Nephi,1 Nephi,1 Nephi,1 Nephi,1 Nephi,1 Nephi,1 Nephi,1 Nephi,1 Nephi,1 Nephi,1 Nephi,1 Nephi,1 Nephi,1 Nephi,1 Nephi,1 Nephi,1 Nephi,1 Nephi,1 Nephi,1 Nephi,1 Nephi,1 Nephi,1 Nephi,1 Nephi,1 Nephi,1 Nephi,1 Nephi,1 Nephi,1 Nephi,1 Nephi,1 Nephi,1 Nephi,1 Nephi,1 Nephi,1 Nephi,1 Nephi,1 Nephi,1 Nephi,1 Nephi,1 Nephi,1 Nephi,1 Nephi,1 Nephi,1 Nephi,1 Nephi,1 Nephi,1 Nephi,1 Nephi,1 Nephi,1 Nephi,1 Nephi,1 Nephi,1 Nephi,1 Nephi,1 Nephi,1 Nephi,1 Nephi,1 Nephi,1 Nephi,1 Nephi,1 Nephi,1 Nephi,1 Nephi,1 Nephi,2 Nephi,2 Nephi,2 Nephi,2 Nephi,2 Nephi,2 Nephi,2 Nephi,2 Nephi,2 Nephi,2 Nephi,2 Nephi,2 Nephi,2 Nephi,2 Nephi,2 Nephi,2 Nephi,2 Nephi,2 Nephi,2 Nephi,2 Nephi,2 Nephi,2 Nephi,2 Nephi,2 Nephi,2 Nephi,2 Nephi,2 Nephi,2 Nephi,2 Nephi,2 Nephi,2 Nephi,2 Nephi,2 Nephi,2 Nephi,2 Nephi,2 Nephi,2 Nephi,2 Nephi,2 Nephi,2 Nephi,2 Nephi,2 Nephi,2 Nephi,2 Nephi,2 Nephi,2 Nephi,2 Nephi,2 Nephi,2 Nephi,2 Nephi,2 Nephi,2 Nephi,2 Nephi,2 Nephi,2 Nephi,2 Nephi,2 Nephi,2 Nephi,2 Nephi,2 Nephi,2 Nephi,2 Nephi,2 Nephi,2 Nephi,2 Nephi,2 Nephi,2 Nephi,2 Nephi,2 Nephi,2 Nephi,2 Nephi,2 Nephi,2 Nephi,2 Nephi,2 Nephi,2 Nephi,2 Nephi,2 Nephi,2 Nephi,2 Nephi,2 Nephi,2 Nephi,2 Nephi,2 Nephi,2 Nephi,2 Nephi,2 Nephi,2 Nephi,2 Nephi,2 Nephi,2 Nephi,2 Nephi,2 Nephi,2 Nephi,2 Nephi,2 Nephi,2 Nephi,2 Nephi,2 Nephi,2 Nephi,2 Nephi,2 Nephi,2 Nephi,2 Nephi,2 Nephi,2 Nephi,2 Nephi,2 Nephi,2 Nephi,2 Nephi,2 Nephi,2 Nephi,2 Nephi,2 Nephi,2 Nephi,2 Nephi,2 Nephi,2 Nephi,2 Nephi,2 Nephi,2 Nephi,2 Nephi,2 Nephi,2 Nephi,2 Nephi,2 Nephi,2 Nephi,2 Nephi,2 Nephi,2 Nephi,2 Nephi,2 Nephi,2 Nephi,2 Nephi,2 Nephi,2 Nephi,2 Nephi,2 Nephi,2 Nephi,2 Nephi,2 Nephi,2 Nephi,2 Nephi,2 Nephi,2 Nephi,2 Nephi,2 Nephi,2 Nephi,2 Nephi,2 Nephi,2 Nephi,2 Nephi,2 Nephi,2 Nephi,2 Nephi,2 Nephi,2 Nephi,2 Nephi,2 Nephi,2 Nephi,2 Nephi,2 Nephi,2 Nephi,2 Nephi,2 Nephi,2 Nephi,2 Nephi,2 Nephi,2 Nephi,2 Nephi,2 Nephi,2 Nephi,2 Nephi,2 Nephi,2 Nephi,2 Nephi,2 Nephi,2 Nephi,2 Nephi,2 Nephi,2 Nephi,2 Nephi,2 Nephi,2 Nephi,2 Nephi,2 Nephi,2 Nephi,2 Nephi,2 Nephi,2 Nephi,2 Nephi,2 Nephi,2 Nephi,2 Nephi,2 Nephi,2 Nephi,2 Nephi,2 Nephi,2 Nephi,2 Nephi,2 Nephi,2 Nephi,2 Nephi,2 Nephi,2 Nephi,2 Nephi,2 Nephi,2 Nephi,2 Nephi,2 Nephi,2 Nephi,2 Nephi,2 Nephi,2 Nephi,2 Nephi,2 Nephi,2 Nephi,2 Nephi,2 Nephi,2 Nephi,2 Nephi,2 Nephi,2 Nephi,2 Nephi,2 Nephi,2 Nephi,2 Nephi,2 Nephi,2 Nephi,2 Nephi,2 Nephi,2 Nephi,2 Nephi,2 Nephi,2 Nephi,2 Nephi,2 Nephi,2 Nephi,2 Nephi,2 Nephi,2 Nephi,2 Nephi,2 Nephi,2 Nephi,2 Nephi,2 Nephi,2 Nephi,2 Nephi,2 Nephi,2 Nephi,2 Nephi,2 Nephi,2 Nephi,2 Nephi,2 Nephi,2 Nephi,2 Nephi,2 Nephi,2 Nephi,2 Nephi,2 Nephi,2 Nephi,2 Nephi,2 Nephi,2 Nephi,2 Nephi,2 Nephi,2 Nephi,2 Nephi,2 Nephi,2 Nephi,2 Nephi,2 Nephi,2 Nephi,2 Nephi,2 Nephi,2 Nephi,2 Nephi,2 Nephi,2 Nephi,Jacob,Jacob,Jacob,Jacob,Jacob,Jacob,Jacob,Jacob,Jacob,Jacob,Jacob,Jacob,Jacob,Jacob,Jacob,Jacob,Jacob,Jacob,Jacob,Jacob,Jacob,Jacob,Jacob,Jacob,Jacob,Jacob,Jacob,Jacob,Jacob,Jacob,Jacob,Jacob,Jacob,Jacob,Jacob,Jacob,Jacob,Jacob,Jacob,Jacob,Jacob,Jacob,Jacob,Jacob,Jacob,Jacob,Jacob,Jacob,Jacob,Jacob,Jacob,Jacob,Jacob,Jacob,Jacob,Jacob,Jacob,Jacob,Jacob,Jacob,Jacob,Jacob,Jacob,Jacob,Jacob,Jacob,Enos,Enos,Enos,Enos,Enos,Enos,Enos,Enos,Jarom,Jarom,Jarom,Jarom,Jarom,Omni,Omni,Omni,Omni,Omni,Omni,Omni,Omni,Omni,Omni,Omni,Omni,Omni,Omni,Words of Mormon,Mormon,Words of Mormon,Mormon,Words of Mormon,Mormon,Mosiah,Mosiah,Mosiah,Mosiah,Mosiah,Mosiah,Mosiah,Mosiah,Mosiah,Mosiah,Mosiah,Mosiah,Mosiah,Mosiah,Mosiah,Mosiah,Mosiah,Mosiah,Mosiah,Mosiah,Mosiah,Mosiah,Mosiah,Mosiah,Mosiah,Mosiah,Mosiah,Mosiah,Mosiah,Mosiah,Mosiah,Mosiah,Mosiah,Mosiah,Mosiah,Mosiah,Mosiah,Mosiah,Mosiah,Mosiah,Mosiah,Mosiah,Mosiah,Mosiah,Mosiah,Mosiah,Mosiah,Mosiah,Mosiah,Mosiah,Mosiah,Mosiah,Mosiah,Mosiah,Mosiah,Mosiah,Mosiah,Mosiah,Mosiah,Mosiah,Mosiah,Mosiah,Mosiah,Mosiah,Mosiah,Mosiah,Mosiah,Mosiah,Mosiah,Mosiah,Mosiah,Mosiah,Mosiah,Mosiah,Mosiah,Mosiah,Mosiah,Mosiah,Mosiah,Mosiah,Mosiah,Mosiah,Mosiah,Mosiah,Mosiah,Mosiah,Mosiah,Mosiah,Mosiah,Mosiah,Mosiah,Mosiah,Mosiah,Mosiah,Mosiah,Mosiah,Mosiah,Mosiah,Mosiah,Mosiah,Mosiah,Mosiah,Mosiah,Mosiah,Mosiah,Mosiah,Mosiah,Mosiah,Mosiah,Mosiah,Mosiah,Mosiah,Mosiah,Mosiah,Mosiah,Mosiah,Mosiah,Mosiah,Mosiah,Mosiah,Mosiah,Mosiah,Mosiah,Mosiah,Mosiah,Mosiah,Mosiah,Mosiah,Mosiah,Mosiah,Mosiah,Mosiah,Mosiah,Mosiah,Mosiah,Mosiah,Mosiah,Mosiah,Mosiah,Mosiah,Mosiah,Mosiah,Mosiah,Mosiah,Mosiah,Mosiah,Mosiah,Mosiah,Mosiah,Mosiah,Mosiah,Mosiah,Mosiah,Mosiah,Mosiah,Mosiah,Mosiah,Mosiah,Mosiah,Mosiah,Mosiah,Mosiah,Mosiah,Mosiah,Mosiah,Mosiah,Mosiah,Mosiah,Mosiah,Mosiah,Mosiah,Mosiah,Mosiah,Mosiah,Mosiah,Mosiah,Mosiah,Mosiah,Mosiah,Mosiah,Mosiah,Mosiah,Mosiah,Mosiah,Mosiah,Mosiah,Mosiah,Mosiah,Mosiah,Mosiah,Mosiah,Mosiah,Alma,Alma,Alma,Alma,Alma,Alma,Alma,Alma,Alma,Alma,Alma,Alma,Alma,Alma,Alma,Alma,Alma,Alma,Alma,Alma,Alma,Alma,Alma,Alma,Alma,Alma,Alma,Alma,Alma,Alma,Alma,Alma,Alma,Alma,Alma,Alma,Alma,Alma,Alma,Alma,Alma,Alma,Alma,Alma,Alma,Alma,Alma,Alma,Alma,Alma,Alma,Alma,Alma,Alma,Alma,Alma,Alma,Alma,Alma,Alma,Alma,Alma,Alma,Alma,Alma,Alma,Alma,Alma,Alma,Alma,Alma,Alma,Alma,Alma,Alma,Alma,Alma,Alma,Alma,Alma,Alma,Alma,Alma,Alma,Alma,Alma,Alma,Alma,Alma,Alma,Alma,Alma,Alma,Alma,Alma,Alma,Alma,Alma,Alma,Alma,Alma,Alma,Alma,Alma,Alma,Alma,Alma,Alma,Alma,Alma,Alma,Alma,Alma,Alma,Alma,Alma,Alma,Alma,Alma,Alma,Alma,Alma,Alma,Alma,Alma,Alma,Alma,Alma,Alma,Alma,Alma,Alma,Alma,Alma,Alma,Alma,Alma,Alma,Alma,Alma,Alma,Alma,Alma,Alma,Alma,Alma,Alma,Alma,Alma,Alma,Alma,Alma,Alma,Alma,Alma,Alma,Alma,Alma,Alma,Alma,Alma,Alma,Alma,Alma,Alma,Alma,Alma,Alma,Alma,Alma,Alma,Alma,Alma,Alma,Alma,Alma,Alma,Alma,Alma,Alma,Alma,Alma,Alma,Alma,Alma,Alma,Alma,Alma,Alma,Alma,Alma,Alma,Alma,Alma,Alma,Alma,Alma,Alma,Alma,Alma,Alma,Alma,Alma,Alma,Alma,Alma,Alma,Alma,Alma,Alma,Alma,Alma,Alma,Alma,Alma,Alma,Alma,Alma,Alma,Alma,Alma,Alma,Alma,Alma,Alma,Alma,Alma,Alma,Alma,Alma,Alma,Alma,Alma,Alma,Alma,Alma,Alma,Alma,Alma,Alma,Alma,Alma,Alma,Alma,Alma,Alma,Alma,Alma,Alma,Alma,Alma,Alma,Alma,Alma,Alma,Alma,Alma,Alma,Alma,Alma,Alma,Alma,Alma,Alma,Alma,Alma,Alma,Alma,Alma,Alma,Alma,Alma,Alma,Alma,Alma,Alma,Alma,Alma,Alma,Alma,Helaman,Helaman,Helaman,Helaman,Helaman,Helaman,Helaman,Helaman,Helaman,Helaman,Helaman,Helaman,Helaman,Helaman,Helaman,Helaman,Helaman,Helaman,Helaman,Helaman,Helaman,Helaman,Helaman,Helaman,Helaman,Helaman,Helaman,Helaman,Helaman,Helaman,Helaman,Helaman,Helaman,Helaman,Helaman,Helaman,Helaman,Helaman,Helaman,Helaman,Helaman,Helaman,Helaman,Helaman,Helaman,Helaman,Helaman,Helaman,Helaman,Helaman,Helaman,Helaman,Helaman,Helaman,Helaman,Helaman,Helaman,Helaman,Helaman,Helaman,Helaman,Helaman,Helaman,Helaman,Helaman,Helaman,Helaman,Helaman,Helaman,Helaman,Helaman,Helaman,Helaman,Helaman,Helaman,Helaman,Helaman,Helaman,Helaman,Helaman,Helaman,Helaman,Helaman,Helaman,Helaman,Helaman,Helaman,Helaman,Helaman,Helaman,Helaman,Helaman,Helaman,Helaman,Helaman,Helaman,Helaman,Helaman,Helaman,Helaman,Helaman,Helaman,Helaman,Helaman,Helaman,Helaman,Helaman,Helaman,Helaman,Helaman,3 Nephi,3 Nephi,3 Nephi,3 Nephi,3 Nephi,3 Nephi,3 Nephi,3 Nephi,3 Nephi,3 Nephi,3 Nephi,3 Nephi,3 Nephi,3 Nephi,3 Nephi,3 Nephi,3 Nephi,3 Nephi,3 Nephi,3 Nephi,3 Nephi,3 Nephi,3 Nephi,3 Nephi,3 Nephi,3 Nephi,3 Nephi,3 Nephi,3 Nephi,3 Nephi,3 Nephi,3 Nephi,3 Nephi,3 Nephi,3 Nephi,3 Nephi,3 Nephi,3 Nephi,3 Nephi,3 Nephi,3 Nephi,3 Nephi,3 Nephi,3 Nephi,3 Nephi,3 Nephi,3 Nephi,3 Nephi,3 Nephi,3 Nephi,3 Nephi,3 Nephi,3 Nephi,3 Nephi,3 Nephi,3 Nephi,3 Nephi,3 Nephi,3 Nephi,3 Nephi,3 Nephi,3 Nephi,3 Nephi,3 Nephi,3 Nephi,3 Nephi,3 Nephi,3 Nephi,3 Nephi,3 Nephi,3 Nephi,3 Nephi,3 Nephi,3 Nephi,3 Nephi,3 Nephi,3 Nephi,3 Nephi,3 Nephi,3 Nephi,3 Nephi,3 Nephi,3 Nephi,3 Nephi,3 Nephi,3 Nephi,3 Nephi,3 Nephi,3 Nephi,3 Nephi,3 Nephi,3 Nephi,3 Nephi,3 Nephi,3 Nephi,3 Nephi,3 Nephi,3 Nephi,3 Nephi,4 Nephi,4 Nephi,4 Nephi,4 Nephi,4 Nephi,4 Nephi,4 Nephi,4 Nephi,Mormon,Mormon,Mormon,Mormon,Mormon,Mormon,Mormon,Mormon,Mormon,Mormon,Mormon,Mormon,Mormon,Mormon,Mormon,Mormon,Mormon,Mormon,Mormon,Mormon,Mormon,Mormon,Mormon,Mormon,Mormon,Mormon,Mormon,Mormon,Mormon,Mormon,Mormon,Mormon,Mormon,Mormon,Mormon,Mormon,Mormon,Mormon,Mormon,Mormon,Mormon,Mormon,Mormon,Mormon,Mormon,Mormon,Mormon,Mormon,Mormon,Mormon,Mormon,Mormon,Mormon,Mormon,Mormon,Mormon,Mormon,Mormon,Mormon,Mormon,Mormon,Mormon,Mormon,Mormon,Mormon,Mormon,Mormon,Mormon,Mormon,Mormon,Mormon,Ether,Ether,Ether,Ether,Ether,Ether,Ether,Ether,Ether,Ether,Ether,Ether,Ether,Ether,Ether,Ether,Ether,Ether,Ether,Ether,Ether,Ether,Ether,Ether,Ether,Ether,Ether,Ether,Ether,Ether,Ether,Ether,Ether,Ether,Ether,Ether,Ether,Ether,Ether,Ether,Ether,Ether,Ether,Ether,Ether,Ether,Ether,Ether,Ether,Ether,Ether,Ether,Ether,Ether,Ether,Ether,Ether,Ether,Ether,Ether,Ether,Ether,Ether,Ether,Ether,Ether,Ether,Ether,Ether,Ether,Ether,Ether,Ether,Ether,Ether,Ether,Ether,Ether,Ether,Ether,Ether,Ether,Ether,Ether,Ether,Ether,Ether,Ether,Ether,Ether,Ether,Ether,Ether,Ether,Ether,Ether,Ether,Ether,Ether,Ether,Ether,Ether,Ether,Ether,Ether,Ether,Ether,Ether,Ether,Ether,Ether,Ether,Ether,Ether,Ether,Ether,Ether,Ether,Ether,Ether,Ether,Ether,Ether,Ether,Ether,Ether,Ether,Ether,Ether,Ether,Ether,Ether,Ether,Ether,Ether,Ether,Ether,Ether,Ether,Ether,Ether,Ether,Ether,Ether,Ether,Ether,Ether,Ether,Ether,Ether,Ether,Ether,Ether,Ether,Ether,Ether,Moroni,Moroni,Moroni,Moroni,Moroni,Moroni,Moroni,Moroni,Moroni,Moroni,Moroni,Moroni,Moroni,Moroni,Moroni
jesus,2 Nephi,2 Nephi,2 Nephi,2 Nephi,2 Nephi,2 Nephi,2 Nephi,2 Nephi,2 Nephi,Jacob,Mosiah,Mosiah,Mosiah,Mosiah,Alma,Alma,Alma,Alma,Alma,Alma,Alma,Alma,Alma,Alma,Alma,Alma,Alma,Alma,Alma,Helaman,Helaman,Helaman,Helaman,3 Nephi,3 Nephi,3 Nephi,3 Nephi,3 Nephi,3 Nephi,3 Nephi,3 Nephi,3 Nephi,3 Nephi,3 Nephi,3 Nephi,3 Nephi,3 Nephi,3 Nephi,3 Nephi,3 Nephi,3 Nephi,3 Nephi,3 Nephi,3 Nephi,3 Nephi,3 Nephi,3 Nephi,3 Nephi,3 Nephi,3 Nephi,3 Nephi,3 Nephi,3 Nephi,3 Nephi,3 Nephi,3 Nephi,3 Nephi,3 Nephi,3 Nephi,3 Nephi,3 Nephi,3 Nephi,3 Nephi,3 Nephi,3 Nephi,3 Nephi,3 Nephi,3 Nephi,3 Nephi,3 Nephi,3 Nephi,3 Nephi,3 Nephi,3 Nephi,3 Nephi,3 Nephi,3 Nephi,3 Nephi,3 Nephi,3 Nephi,3 Nephi,3 Nephi,3 Nephi,3 Nephi,3 Nephi,3 Nephi,3 Nephi,3 Nephi,3 Nephi,3 Nephi,3 Nephi,3 Nephi,3 Nephi,3 Nephi,3 Nephi,3 Nephi,3 Nephi,3 Nephi,3 Nephi,3 Nephi,3 Nephi,3 Nephi,3 Nephi,3 Nephi,3 Nephi,3 Nephi,3 Nephi,3 Nephi,3 Nephi,3 Nephi,3 Nephi,3 Nephi,3 Nephi,4 Nephi,4 Nephi,4 Nephi,4 Nephi,4 Nephi,4 Nephi,4 Nephi,4 Nephi,4 Nephi,4 Nephi,4 Nephi,4 Nephi,Mormon,Mormon,Mormon,Mormon,Mormon,Mormon,Mormon,Mormon,Mormon,Mormon,Mormon,Mormon,Mormon,Mormon,Mormon,Mormon,Mormon,Mormon,Mormon,Mormon,Mormon,Mormon,Mormon,Mormon,Mormon,Mormon,Ether,Ether,Ether,Ether,Ether,Ether,Ether,Ether,Ether,Ether,Ether,Ether,Moroni,Moroni,Moroni,Moroni,Moroni,Moroni,Moroni,Moroni,Moroni,Moroni,Moroni
mediator,2 Nephi,2 Nephi
messiah,1 Nephi,1 Nephi,1 Nephi,1 Nephi,1 Nephi,1 Nephi,1 Nephi,1 Nephi,1 Nephi,1 Nephi,1 Nephi,1 Nephi,2 Nephi,2 Nephi,2 Nephi,2 Nephi,2 Nephi,2 Nephi,2 Nephi,2 Nephi,2 Nephi,2 Nephi,2 Nephi,2 Nephi,2 Nephi,2 Nephi,2 Nephi,2 Nephi,2 Nephi,Jarom,Mosiah,Helaman
redeem,2 Nephi,2 Nephi,2 Nephi,Mosiah,Mosiah,Mosiah,Mosiah,Mosiah,Alma,Alma,Alma,Alma,Alma,Alma,Alma,Alma,Helaman,Helaman,Helaman,Helaman,Helaman,Helaman,Helaman,Ether,Ether
redeemed,1 Nephi,2 Nephi,2 Nephi,2 Nephi,2 Nephi,2 Nephi,2 Nephi,Mosiah,Mosiah,Mosiah,Mosiah,Mosiah,Mosiah,Mosiah,Mosiah,Mosiah,Mosiah,Mosiah,Mosiah,Mosiah,Mosiah,Alma,Alma,Alma,Alma,Alma,Helaman,3 Nephi,3 Nephi,3 Nephi,3 Nephi,Mormon,Mormon,Ether
redemption,1 Nephi,2 Nephi,Jacob,Jacob,Omni,Words of Mormon,Mormon,Mosiah,Mosiah,Mosiah,Mosiah,Mosiah,Mosiah,Mosiah,Mosiah,Alma,Alma,Alma,Alma,Alma,Alma,Alma,Alma,Alma,Alma,Alma,Alma,Alma,Alma,Alma,Alma,Alma,Alma,Alma,Alma,Alma,Alma,Alma,Alma,Alma,Alma,Helaman,3 Nephi,3 Nephi,3 Nephi,Mormon,Mormon,Mormon,Mormon,Moroni,Moroni,Moroni
redeemer,1 Nephi,1 Nephi,1 Nephi,1 Nephi,1 Nephi,1 Nephi,1 Nephi,1 Nephi,1 Nephi,1 Nephi,1 Nephi,1 Nephi,1 Nephi,2 Nephi,2 Nephi,2 Nephi,2 Nephi,2 Nephi,2 Nephi,2 Nephi,2 Nephi,Enos,Mosiah,Mosiah,Mosiah,Mosiah,Alma,Alma,Alma,Alma,Alma,Alma,Helaman,Helaman,Helaman,3 Nephi,3 Nephi,3 Nephi,3 Nephi,3 Nephi,Moroni
resurrection,2 Nephi,2 Nephi,2 Nephi,2 Nephi,2 Nephi,2 Nephi,2 Nephi,Jacob,Jacob,Jacob,Jacob,Mosiah,Mosiah,Mosiah,Mosiah,Mosiah,Mosiah,Mosiah,Mosiah,Mosiah,Mosiah,Mosiah,Mosiah,Mosiah,Mosiah,Mosiah,Mosiah,Mosiah,Mosiah,Mosiah,Mosiah,Alma,Alma,Alma,Alma,Alma,Alma,Alma,Alma,Alma,Alma,Alma,Alma,Alma,Alma,Alma,Alma,Alma,Alma,Alma,Alma,Alma,Alma,Alma,Alma,Alma,Alma,Alma,Alma,Alma,Alma,Alma,Alma,Alma,Alma,Alma,Alma,Alma,Alma,Alma,Helaman,Helaman,Helaman,3 Nephi,3 Nephi,3 Nephi,Mormon,Mormon,Moroni
rock,1 Nephi,1 Nephi,1 Nephi,1 Nephi,1 Nephi,1 Nephi,1 Nephi,1 Nephi,2 Nephi,2 Nephi,2 Nephi,2 Nephi,2 Nephi,2 Nephi,2 Nephi,2 Nephi,2 Nephi,2 Nephi,Jacob,Helaman,Helaman,Helaman,3 Nephi,3 Nephi,3 Nephi,3 Nephi,3 Nephi,Ether,Ether,Ether,Ether,Ether,Ether
sacrament,Mormon
sacrifice,1 Nephi,1 Nephi,2 Nephi,Mosiah,Alma,Alma,Alma,Alma,Alma,Alma,Alma,Alma,Alma,Alma,3 Nephi
savior,1 Nephi,1 Nephi,1 Nephi,1 Nephi,2 Nephi,2 Nephi,Mosiah,3 Nephi,Mormon,Mormon,Mormon,Moroni
son,1 Nephi,1 Nephi,1 Nephi,1 Nephi,1 Nephi,1 Nephi,1 Nephi,1 Nephi,1 Nephi,1 Nephi,1 Nephi,1 Nephi,2 Nephi,2 Nephi,2 Nephi,2 Nephi,2 Nephi,2 Nephi,2 Nephi,2 Nephi,2 Nephi,2 Nephi,2 Nephi,2 Nephi,2 Nephi,2 Nephi,2 Nephi,2 Nephi,2 Nephi,2 Nephi,2 Nephi,2 Nephi,2 Nephi,2 Nephi,2 Nephi,2 Nephi,2 Nephi,2 Nephi,2 Nephi,2 Nephi,2 Nephi,2 Nephi,2 Nephi,2 Nephi,2 Nephi,2 Nephi,2 Nephi,Jacob,Jacob,Jacob,Jacob,Jacob,Jacob,Jarom,Omni,Omni,Omni,Omni,Words of Mormon,Mormon,Words of Mormon,Mormon,Mosiah,Mosiah,Mosiah,Mosiah,Mosiah,Mosiah,Mosiah,Mosiah,Mosiah,Mosiah,Mosiah,Mosiah,Mosiah,Mosiah,Mosiah,Mosiah,Mosiah,Mosiah,Mosiah,Mosiah,Mosiah,Mosiah,Mosiah,Mosiah,Mosiah,Alma,Alma,Alma,Alma,Alma,Alma,Alma,Alma,Alma,Alma,Alma,Alma,Alma,Alma,Alma,Alma,Alma,Alma,Alma,Alma,Alma,Alma,Alma,Alma,Alma,Alma,Alma,Alma,Alma,Alma,Alma,Alma,Alma,Alma,Alma,Alma,Alma,Alma,Alma,Alma,Alma,Alma,Alma,Alma,Alma,Alma,Alma,Alma,Alma,Alma,Alma,Alma,Alma,Alma,Alma,Alma,Alma,Alma,Alma,Alma,Alma,Alma,Alma,Alma,Alma,Alma,Alma,Alma,Alma,Alma,Alma,Alma,Alma,Alma,Alma,Alma,Alma,Alma,Alma,Alma,Alma,Alma,Alma,Alma,Alma,Alma,Alma,Alma,Alma,Alma,Alma,Alma,Alma,Alma,Alma,Alma,Alma,Alma,Alma,Alma,Alma,Alma,Alma,Alma,Alma,Alma,Alma,Alma,Alma,Alma,Alma,Alma,Alma,Alma,Alma,Alma,Alma,Alma,Alma,Alma,Alma,Alma,Alma,Alma,Alma,Helaman,Helaman,Helaman,Helaman,Helaman,Helaman,Helaman,Helaman,Helaman,Helaman,Helaman,Helaman,Helaman,Helaman,Helaman,Helaman,Helaman,Helaman,3 Nephi,3 Nephi,3 Nephi,3 Nephi,3 Nephi,3 Nephi,3 Nephi,3 Nephi,3 Nephi,3 Nephi,3 Nephi,3 Nephi,3 Nephi,3 Nephi,3 Nephi,3 Nephi,3 Nephi,3 Nephi,3 Nephi,3 Nephi,3 Nephi,3 Nephi,3 Nephi,4 Nephi,4 Nephi,Mormon,Mormon,Mormon,Mormon,Mormon,Mormon,Mormon,Mormon,Mormon,Mormon,Ether,Ether,Ether,Ether,Ether,Ether,Ether,Ether,Ether,Ether,Ether,Ether,Ether,Ether,Ether,Ether,Ether,Ether,Ether,Ether,Ether,Ether,Ether,Ether,Ether,Ether,Ether,Ether,Ether,Ether,Ether,Ether,Ether,Ether,Ether,Ether,Ether,Ether,Ether,Ether,Ether,Moroni,Moroni,Moroni,Moroni,Moroni,Moroni,Moroni,Moroni,Moroni,Moroni,Moroni,Moroni,Moroni,Moroni,Moroni,Moroni,Moroni,Moroni,Moroni,Moroni,Moroni,Moroni,Moroni,Moroni,Moroni
way,1 Nephi,1 Nephi,1 Nephi,1 Nephi,1 Nephi,1 Nephi,1 Nephi,1 Nephi,1 Nephi,1 Nephi,1 Nephi,1 Nephi,1 Nephi,1 Nephi,1 Nephi,1 Nephi,1 Nephi,1 Nephi,1 Nephi,1 Nephi,1 Nephi,1 Nephi,2 Nephi,2 Nephi,2 Nephi,2 Nephi,2 Nephi,2 Nephi,2 Nephi,2 Nephi,2 Nephi,2 Nephi,2 Nephi,2 Nephi,2 Nephi,2 Nephi,2 Nephi,2 Nephi,2 Nephi,2 Nephi,2 Nephi,2 Nephi,2 Nephi,2 Nephi,2 Nephi,2 Nephi,2 Nephi,2 Nephi,2 Nephi,Jacob,Jacob,Jacob,Jacob,Jacob,Jacob,Jacob,Mosiah,Mosiah,Mosiah,Mosiah,Mosiah,Mosiah,Mosiah,Mosiah,Mosiah,Mosiah,Alma,Alma,Alma,Alma,Alma,Alma,Alma,Alma,Alma,Alma,Alma,Alma,Alma,Alma,Alma,Alma,Alma,Alma,Alma,Alma,Alma,Alma,Alma,Alma,Alma,Alma,Alma,Alma,Alma,Alma,Alma,Alma,Alma,Alma,Helaman,Helaman,Helaman,Helaman,Helaman,Helaman,Helaman,Helaman,Helaman,Helaman,Helaman,3 Nephi,3 Nephi,3 Nephi,3 Nephi,3 Nephi,3 Nephi,3 Nephi,3 Nephi,3 Nephi,3 Nephi,3 Nephi,3 Nephi,3 Nephi,3 Nephi,3 Nephi,3 Nephi,3 Nephi,Mormon,Ether,Ether,Ether,Ether,Ether,Ether,Ether,Moroni,Moroni,Moroni,Moroni,Moroni,Moroni,Moroni,Moroni
